{
  "kind": "collectionType",
  "collectionName": "contact_messages",
  "info": {
    "singularName": "contact-message",
    "pluralName": "contact-messages",
    "displayName": "Contact Message",
    "description": "Messages from contact form"
  },
  "options": {
    "draftAndPublish": false
  },
  "attributes": {
    "name": {
      "type": "string",
      "required": true
    },
    "email": {
      "type": "email",
      "required": true
    },
    "message": {
      "type": "text",
      "required": true
    },
    "language": {
      "type": "string",
      "default": "en"
    },
    "submittedAt": {
      "type": "datetime",
      "required": true
    },
    "status": {
      "type": "enumeration",
      "enum": ["new", "read", "replied", "archived"],
      "default": "new"
    },
    "ipAddress": {
      "type": "string"
    },
    "userAgent": {
      "type": "text"
    }
  }
}
