{
  "kind": "collectionType",
  "collectionName": "hero_sections",
  "info": {
    "singularName": "hero-section",
    "pluralName": "hero-sections",
    "displayName": "Hero Section",
    "description": "Hero section content for different languages"
  },
  "options": {
    "draftAndPublish": true
  },
  "pluginOptions": {
    "i18n": {
      "localized": true
    }
  },
  "attributes": {
    "title": {
      "type": "string",
      "required": true,
      "pluginOptions": {
        "i18n": {
          "localized": true
        }
      }
    },
    "subtitle": {
      "type": "string",
      "pluginOptions": {
        "i18n": {
          "localized": true
        }
      }
    },
    "description": {
      "type": "text",
      "pluginOptions": {
        "i18n": {
          "localized": true
        }
      }
    },
    "buttonText": {
      "type": "string",
      "pluginOptions": {
        "i18n": {
          "localized": true
        }
      }
    },
    "stats": {
      "type": "component",
      "repeatable": true,
      "component": "shared.stat-item"
    },
    "backgroundImage": {
      "type": "media",
      "multiple": false,
      "required": false,
      "allowedTypes": ["images"]
    }
  }
}
