{
  "kind": "collectionType",
  "collectionName": "platforms",
  "info": {
    "singularName": "platform",
    "pluralName": "platforms",
    "displayName": "Cloud Platform",
    "description": "Cloud platforms we work with"
  },
  "options": {
    "draftAndPublish": true
  },
  "pluginOptions": {
    "i18n": {
      "localized": true
    }
  },
  "attributes": {
    "name": {
      "type": "string",
      "required": true,
      "pluginOptions": {
        "i18n": {
          "localized": true
        }
      }
    },
    "description": {
      "type": "text",
      "required": true,
      "pluginOptions": {
        "i18n": {
          "localized": true
        }
      }
    },
    "badges": {
      "type": "component",
      "repeatable": true,
      "component": "shared.badge-item"
    },
    "logoColor": {
      "type": "enumeration",
      "enum": ["orange", "blue", "multi", "green"],
      "default": "blue"
    },
    "order": {
      "type": "integer",
      "default": 0
    },
    "slug": {
      "type": "uid",
      "targetField": "name"
    },
    "logo": {
      "type": "media",
      "multiple": false,
      "required": false,
      "allowedTypes": ["images"]
    }
  }
}
