{
  "kind": "collectionType",
  "collectionName": "services",
  "info": {
    "singularName": "service",
    "pluralName": "services",
    "displayName": "Service",
    "description": "Services offered by IntoClouds"
  },
  "options": {
    "draftAndPublish": true
  },
  "pluginOptions": {
    "i18n": {
      "localized": true
    }
  },
  "attributes": {
    "title": {
      "type": "string",
      "required": true,
      "pluginOptions": {
        "i18n": {
          "localized": true
        }
      }
    },
    "description": {
      "type": "text",
      "required": true,
      "pluginOptions": {
        "i18n": {
          "localized": true
        }
      }
    },
    "features": {
      "type": "component",
      "repeatable": true,
      "component": "shared.feature-item"
    },
    "icon": {
      "type": "string",
      "required": true,
      "default": "server"
    },
    "order": {
      "type": "integer",
      "default": 0
    },
    "slug": {
      "type": "uid",
      "targetField": "title"
    }
  }
}
