{
  "kind": "collectionType",
  "collectionName": "process_steps",
  "info": {
    "singularName": "process-step",
    "pluralName": "process-steps",
    "displayName": "Process Step",
    "description": "Steps in our process"
  },
  "options": {
    "draftAndPublish": true
  },
  "pluginOptions": {
    "i18n": {
      "localized": true
    }
  },
  "attributes": {
    "title": {
      "type": "string",
      "required": true,
      "pluginOptions": {
        "i18n": {
          "localized": true
        }
      }
    },
    "description": {
      "type": "text",
      "required": true,
      "pluginOptions": {
        "i18n": {
          "localized": true
        }
      }
    },
    "stepNumber": {
      "type": "string",
      "required": true
    },
    "order": {
      "type": "integer",
      "default": 0
    },
    "icon": {
      "type": "string",
      "default": "circle"
    }
  }
}
